"u_sol","Points:0","Points:1","Points:2"
4.4808e-05,0,0,0
-0.00022866,0.03125,0,0
0.00041062,0.0625,0,0
0.00063826,0.09375,0,0
0.0013648,0.125,0,0
0.005402,0.15625,0,0
-0.0013648,0.1875,0,0
-0.045739,0.21875,0,0
-0.073612,0.25,0,0
-0.020689,0.28125,0,0
0.030838,0.3125,0,0
0.042894,0.34375,0,0
0.035826,0.375,0,0
0.012805,0.40625,0,0
-0.015769,0.4375,0,0
-0.044245,0.46875,0,0
-0.065482,0.5,0,0
-0.073652,0.53125,0,0
-0.064206,0.5625,0,0
-0.033784,0.59375,0,0
0.010615,0.625,0,0
0.057372,0.65625,0,0
0.085464,0.6875,0,0
0.083705,0.71875,0,0
0.072054,0.75,0,0
0.053901,0.78125,0,0
0.0216,0.8125,0,0
-0.0030671,0.84375,0,0
-0.0041631,0.875,0,0
-0.0029667,0.90625,0,0
-0.00073976,0.9375,0,0
-7.4134e-05,0.96875,0,0
-7.6661e-05,1,0,0
-0.00021506,0,0.03125,0
0.00091961,0.03125,0.03125,0
0.0047061,0.0625,0.03125,0
0.0095763,0.09375,0.03125,0
0.013163,0.125,0.03125,0
0.017313,0.15625,0.03125,0
0.047764,0.1875,0.03125,0
0.065106,0.21875,0.03125,0
0.061267,0.25,0.03125,0
0.015701,0.28125,0.03125,0
-0.074403,0.3125,0.03125,0
-0.17011,0.34375,0.03125,0
-0.26628,0.375,0.03125,0
-0.34243,0.40625,0.03125,0
-0.39515,0.4375,0.03125,0
-0.42353,0.46875,0.03125,0
-0.43086,0.5,0.03125,0
-0.41866,0.53125,0.03125,0
-0.38647,0.5625,0.03125,0
-0.33307,0.59375,0.03125,0
-0.25416,0.625,0.03125,0
-0.15552,0.65625,0.03125,0
-0.051238,0.6875,0.03125,0
0.027104,0.71875,0.03125,0
0.0665,0.75,0.03125,0
0.086392,0.78125,0.03125,0
0.092271,0.8125,0.03125,0
0.065396,0.84375,0.03125,0
0.020499,0.875,0.03125,0
0.0031207,0.90625,0.03125,0
-0.0026848,0.9375,0.03125,0
-0.001889,0.96875,0.03125,0
0.00048831,1,0.03125,0
-0.00051047,0,0.0625,0
0.0024292,0.03125,0.0625,0
0.010042,0.0625,0.0625,0
0.012848,0.09375,0.0625,0
0.0031813,0.125,0.0625,0
-0.0037652,0.15625,0.0625,0
-0.030834,0.1875,0.0625,0
-0.046053,0.21875,0.0625,0
-0.10865,0.25,0.0625,0
-0.23874,0.28125,0.0625,0
-0.34664,0.3125,0.0625,0
-0.41992,0.34375,0.0625,0
-0.45469,0.375,0.0625,0
-0.46992,0.40625,0.0625,0
-0.47495,0.4375,0.0625,0
-0.47622,0.46875,0.0625,0
-0.4749,0.5,0.0625,0
-0.47197,0.53125,0.0625,0
-0.46765,0.5625,0.0625,0
-0.45979,0.59375,0.0625,0
-0.44308,0.625,0.0625,0
-0.4006,0.65625,0.0625,0
-0.31739,0.6875,0.0625,0
-0.1918,0.71875,0.0625,0
-0.080204,0.75,0.0625,0
-0.028794,0.78125,0.0625,0
0.00011465,0.8125,0.0625,0
0.035348,0.84375,0.0625,0
0.038811,0.875,0.0625,0
0.011481,0.90625,0.0625,0
0.0042072,0.9375,0.0625,0
0.0013378,0.96875,0.0625,0
-0.0004584,1,0.0625,0
-0.0014502,0,0.09375,0
0.0052475,0.03125,0.09375,0
0.012997,0.0625,0.09375,0
0.021195,0.09375,0.09375,0
0.022982,0.125,0.09375,0
0.0012454,0.15625,0.09375,0
-0.047011,0.1875,0.09375,0
-0.16944,0.21875,0.09375,0
-0.30961,0.25,0.09375,0
-0.39083,0.28125,0.09375,0
-0.42213,0.3125,0.09375,0
-0.42313,0.34375,0.09375,0
-0.41704,0.375,0.09375,0
-0.41071,0.40625,0.09375,0
-0.4069,0.4375,0.09375,0
-0.40365,0.46875,0.09375,0
-0.40039,0.5,0.09375,0
-0.39696,0.53125,0.09375,0
-0.39485,0.5625,0.09375,0
-0.39816,0.59375,0.09375,0
-0.41057,0.625,0.09375,0
-0.43288,0.65625,0.09375,0
-0.44391,0.6875,0.09375,0
-0.4021,0.71875,0.09375,0
-0.2738,0.75,0.09375,0
-0.11631,0.78125,0.09375,0
-0.037292,0.8125,0.09375,0
-0.018566,0.84375,0.09375,0
0.0084311,0.875,0.09375,0
0.019196,0.90625,0.09375,0
0.0023942,0.9375,0.09375,0
-0.002869,0.96875,0.09375,0
0.00050954,1,0.09375,0
-0.0016912,0,0.125,0
0.0088744,0.03125,0.125,0
0.012791,0.0625,0.125,0
-0.0092153,0.09375,0.125,0
-0.024832,0.125,0.125,0
-0.073293,0.15625,0.125,0
-0.2207,0.1875,0.125,0
-0.35507,0.21875,0.125,0
-0.40096,0.25,0.125,0
-0.39684,0.28125,0.125,0
-0.37828,0.3125,0.125,0
-0.36938,0.34375,0.125,0
-0.36944,0.375,0.125,0
-0.37498,0.40625,0.125,0
-0.38031,0.4375,0.125,0
-0.38394,0.46875,0.125,0
-0.3847,0.5,0.125,0
-0.38234,0.53125,0.125,0
-0.37678,0.5625,0.125,0
-0.36741,0.59375,0.125,0
-0.35706,0.625,0.125,0
-0.35265,0.65625,0.125,0
-0.37126,0.6875,0.125,0
-0.41248,0.71875,0.125,0
-0.42841,0.75,0.125,0
-0.33184,0.78125,0.125,0
-0.14488,0.8125,0.125,0
-0.026894,0.84375,0.125,0
-0.0030415,0.875,0.125,0
0.0075548,0.90625,0.125,0
0.015952,0.9375,0.125,0
0.0096513,0.96875,0.125,0
-0.0014998,1,0.125,0
-0.0017834,0,0.15625,0
0.011754,0.03125,0.15625,0
0.0071416,0.0625,0.15625,0
-0.0088985,0.09375,0.15625,0
-0.06871,0.125,0.15625,0
-0.21807,0.15625,0.15625,0
-0.33011,0.1875,0.15625,0
-0.34246,0.21875,0.15625,0
-0.32832,0.25,0.15625,0
-0.32066,0.28125,0.15625,0
-0.33078,0.3125,0.15625,0
-0.3439,0.34375,0.15625,0
-0.3526,0.375,0.15625,0
-0.35485,0.40625,0.15625,0
-0.35432,0.4375,0.15625,0
-0.35294,0.46875,0.15625,0
-0.35193,0.5,0.15625,0
-0.35213,0.53125,0.15625,0
-0.35393,0.5625,0.15625,0
-0.35806,0.59375,0.15625,0
-0.36159,0.625,0.15625,0
-0.35953,0.65625,0.15625,0
-0.34489,0.6875,0.15625,0
-0.3341,0.71875,0.15625,0
-0.35886,0.75,0.15625,0
-0.40506,0.78125,0.15625,0
-0.34549,0.8125,0.15625,0
-0.14781,0.84375,0.15625,0
-0.0094978,0.875,0.15625,0
0.01253,0.90625,0.15625,0
0.0038475,0.9375,0.15625,0
-0.0036725,0.96875,0.15625,0
0.00041515,1,0.15625,0
0.00089082,0,0.1875,0
0.0043625,0.03125,0.1875,0
-0.012997,0.0625,0.1875,0
-0.05984,0.09375,0.1875,0
-0.19301,0.125,0.1875,0
-0.29974,0.15625,0.1875,0
-0.31609,0.1875,0.1875,0
-0.31807,0.21875,0.1875,0
-0.31936,0.25,0.1875,0
-0.32696,0.28125,0.1875,0
-0.32812,0.3125,0.1875,0
-0.32184,0.34375,0.1875,0
-0.31609,0.375,0.1875,0
-0.31466,0.40625,0.1875,0
-0.31644,0.4375,0.1875,0
-0.3183,0.46875,0.1875,0
-0.31921,0.5,0.1875,0
-0.31818,0.53125,0.1875,0
-0.31553,0.5625,0.1875,0
-0.31208,0.59375,0.1875,0
-0.31117,0.625,0.1875,0
-0.31708,0.65625,0.1875,0
-0.32982,0.6875,0.1875,0
-0.33294,0.71875,0.1875,0
-0.31736,0.75,0.1875,0
-0.31946,0.78125,0.1875,0
-0.36913,0.8125,0.1875,0
-0.32565,0.84375,0.1875,0
-0.11933,0.875,0.1875,0
0.0013922,0.90625,0.1875,0
0.014861,0.9375,0.1875,0
0.014575,0.96875,0.1875,0
-0.0033388,1,0.1875,0
0.0013344,0,0.21875,0
-0.0031403,0.03125,0.21875,0
-0.034675,0.0625,0.21875,0
-0.14023,0.09375,0.21875,0
-0.25113,0.125,0.21875,0
-0.28114,0.15625,0.21875,0
-0.27773,0.1875,0.21875,0
-0.26411,0.21875,0.21875,0
-0.26506,0.25,0.21875,0
-0.26912,0.28125,0.21875,0
-0.26888,0.3125,0.21875,0
-0.27664,0.34375,0.21875,0
-0.2861,0.375,0.21875,0
-0.29326,0.40625,0.21875,0
-0.29549,0.4375,0.21875,0
-0.29648,0.46875,0.21875,0
-0.297,0.5,0.21875,0
-0.2983,0.53125,0.21875,0
-0.30056,0.5625,0.21875,0
-0.30248,0.59375,0.21875,0
-0.30256,0.625,0.21875,0
-0.29717,0.65625,0.21875,0
-0.29098,0.6875,0.21875,0
-0.29343,0.71875,0.21875,0
-0.30333,0.75,0.21875,0
-0.29506,0.78125,0.21875,0
-0.29146,0.8125,0.21875,0
-0.33721,0.84375,0.21875,0
-0.27998,0.875,0.21875,0
-0.060528,0.90625,0.21875,0
0.0030589,0.9375,0.21875,0
-0.0127,0.96875,0.21875,0
0.0056932,1,0.21875,0
0.0027474,0,0.25,0
-0.010227,0.03125,0.25,0
-0.087218,0.0625,0.25,0
-0.19695,0.09375,0.25,0
-0.25169,0.125,0.25,0
-0.24882,0.15625,0.25,0
-0.23863,0.1875,0.25,0
-0.25486,0.21875,0.25,0
-0.26723,0.25,0.25,0
-0.26349,0.28125,0.25,0
-0.2675,0.3125,0.25,0
-0.26771,0.34375,0.25,0
-0.26318,0.375,0.25,0
-0.25826,0.40625,0.25,0
-0.25744,0.4375,0.25,0
-0.25824,0.46875,0.25,0
-0.25907,0.5,0.25,0
-0.25919,0.53125,0.25,0
-0.25831,0.5625,0.25,0
-0.25832,0.59375,0.25,0
-0.26024,0.625,0.25,0
-0.26691,0.65625,0.25,0
-0.27226,0.6875,0.25,0
-0.27207,0.71875,0.25,0
-0.26804,0.75,0.25,0
-0.27208,0.78125,0.25,0
-0.26425,0.8125,0.25,0
-0.26856,0.84375,0.25,0
-0.3087,0.875,0.25,0
-0.20292,0.90625,0.25,0
-0.001792,0.9375,0.25,0
0.020817,0.96875,0.25,0
-0.005562,1,0.25,0
0.0070781,0,0.28125,0
-0.03688,0.03125,0.28125,0
-0.12592,0.0625,0.28125,0
-0.202,0.09375,0.28125,0
-0.21298,0.125,0.28125,0
-0.20298,0.15625,0.28125,0
-0.21577,0.1875,0.28125,0
-0.21307,0.21875,0.28125,0
-0.20034,0.25,0.28125,0
-0.20718,0.28125,0.28125,0
-0.21259,0.3125,0.28125,0
-0.21355,0.34375,0.28125,0
-0.22042,0.375,0.28125,0
-0.22951,0.40625,0.28125,0
-0.23542,0.4375,0.28125,0
-0.23799,0.46875,0.28125,0
-0.23976,0.5,0.28125,0
-0.24155,0.53125,0.28125,0
-0.24354,0.5625,0.28125,0
-0.24469,0.59375,0.28125,0
-0.24339,0.625,0.28125,0
-0.23923,0.65625,0.28125,0
-0.23629,0.6875,0.28125,0
-0.23811,0.71875,0.28125,0
-0.24266,0.75,0.28125,0
-0.2444,0.78125,0.28125,0
-0.24314,0.8125,0.28125,0
-0.23119,0.84375,0.28125,0
-0.25081,0.875,0.28125,0
-0.26783,0.90625,0.28125,0
-0.083605,0.9375,0.28125,0
-0.0062505,0.96875,0.28125,0
-0.010941,1,0.28125,0
0.0065317,0,0.3125,0
-0.053097,0.03125,0.3125,0
-0.13667,0.0625,0.3125,0
-0.17952,0.09375,0.3125,0
-0.17696,0.125,0.3125,0
-0.18292,0.15625,0.3125,0
-0.18357,0.1875,0.3125,0
-0.18764,0.21875,0.3125,0
-0.20505,0.25,0.3125,0
-0.20916,0.28125,0.3125,0
-0.20489,0.3125,0.3125,0
-0.20819,0.34375,0.3125,0
-0.20925,0.375,0.3125,0
-0.20428,0.40625,0.3125,0
-0.20031,0.4375,0.3125,0
-0.19977,0.46875,0.3125,0
-0.20056,0.5,0.3125,0
-0.20117,0.53125,0.3125,0
-0.20176,0.5625,0.3125,0
-0.20306,0.59375,0.3125,0
-0.2068,0.625,0.3125,0
-0.21222,0.65625,0.3125,0
-0.21632,0.6875,0.3125,0
-0.21554,0.71875,0.3125,0
-0.21117,0.75,0.3125,0
-0.21047,0.78125,0.3125,0
-0.21757,0.8125,0.3125,0
-0.2119,0.84375,0.3125,0
-0.20209,0.875,0.3125,0
-0.23856,0.90625,0.3125,0
-0.18346,0.9375,0.3125,0
0.025534,0.96875,0.3125,0
0.0096465,1,0.3125,0
0.0077863,0,0.34375,0
-0.057246,0.03125,0.34375,0
-0.12232,0.0625,0.34375,0
-0.14159,0.09375,0.34375,0
-0.14024,0.125,0.34375,0
-0.14442,0.15625,0.34375,0
-0.15236,0.1875,0.34375,0
-0.15285,0.21875,0.34375,0
-0.1452,0.25,0.34375,0
-0.1428,0.28125,0.34375,0
-0.15132,0.3125,0.34375,0
-0.15686,0.34375,0.34375,0
-0.15699,0.375,0.34375,0
-0.16389,0.40625,0.34375,0
-0.17296,0.4375,0.34375,0
-0.1783,0.46875,0.34375,0
-0.18104,0.5,0.34375,0
-0.18324,0.53125,0.34375,0
-0.18523,0.5625,0.34375,0
-0.1859,0.59375,0.34375,0
-0.18452,0.625,0.34375,0
-0.18152,0.65625,0.34375,0
-0.18015,0.6875,0.34375,0
-0.18274,0.71875,0.34375,0
-0.18886,0.75,0.34375,0
-0.18629,0.78125,0.34375,0
-0.18238,0.8125,0.34375,0
-0.18863,0.84375,0.34375,0
-0.17601,0.875,0.34375,0
-0.18512,0.90625,0.34375,0
-0.20032,0.9375,0.34375,0
-0.047718,0.96875,0.34375,0
0.010081,1,0.34375,0
0.0059469,0,0.375,0
-0.048993,0.03125,0.375,0
-0.096432,0.0625,0.375,0
-0.10859,0.09375,0.375,0
-0.11217,0.125,0.375,0
-0.12341,0.15625,0.375,0
-0.12103,0.1875,0.375,0
-0.12809,0.21875,0.375,0
-0.14229,0.25,0.375,0
-0.14904,0.28125,0.375,0
-0.14979,0.3125,0.375,0
-0.14596,0.34375,0.375,0
-0.14932,0.375,0.375,0
-0.15101,0.40625,0.375,0
-0.14558,0.4375,0.375,0
-0.14213,0.46875,0.375,0
-0.14221,0.5,0.375,0
-0.14328,0.53125,0.375,0
-0.14466,0.5625,0.375,0
-0.14722,0.59375,0.375,0
-0.15154,0.625,0.375,0
-0.15655,0.65625,0.375,0
-0.16005,0.6875,0.375,0
-0.15843,0.71875,0.375,0
-0.15449,0.75,0.375,0
-0.15838,0.78125,0.375,0
-0.158,0.8125,0.375,0
-0.15732,0.84375,0.375,0
-0.15544,0.875,0.375,0
-0.14556,0.90625,0.375,0
-0.17765,0.9375,0.375,0
-0.095069,0.96875,0.375,0
0.02456,1,0.375,0
0.0060396,0,0.40625,0
-0.035511,0.03125,0.40625,0
-0.067865,0.0625,0.40625,0
-0.074744,0.09375,0.40625,0
-0.081138,0.125,0.40625,0
-0.083686,0.15625,0.40625,0
-0.091731,0.1875,0.40625,0
-0.095095,0.21875,0.40625,0
-0.085068,0.25,0.40625,0
-0.084941,0.28125,0.40625,0
-0.088659,0.3125,0.40625,0
-0.095124,0.34375,0.40625,0
-0.10064,0.375,0.40625,0
-0.10009,0.40625,0.40625,0
-0.1069,0.4375,0.40625,0
-0.11647,0.46875,0.40625,0
-0.12132,0.5,0.40625,0
-0.12403,0.53125,0.40625,0
-0.12599,0.5625,0.40625,0
-0.12668,0.59375,0.40625,0
-0.12591,0.625,0.40625,0
-0.12441,0.65625,0.40625,0
-0.12394,0.6875,0.40625,0
-0.12883,0.71875,0.40625,0
-0.13301,0.75,0.40625,0
-0.13126,0.78125,0.40625,0
-0.1295,0.8125,0.40625,0
-0.12941,0.84375,0.40625,0
-0.13044,0.875,0.40625,0
-0.11607,0.90625,0.40625,0
-0.13163,0.9375,0.40625,0
-0.10401,0.96875,0.40625,0
0.025614,1,0.40625,0
0.0044004,0,0.4375,0
-0.019744,0.03125,0.4375,0
-0.041091,0.0625,0.4375,0
-0.048985,0.09375,0.4375,0
-0.05524,0.125,0.4375,0
-0.064112,0.15625,0.4375,0
-0.063587,0.1875,0.4375,0
-0.067835,0.21875,0.4375,0
-0.08253,0.25,0.4375,0
-0.090329,0.28125,0.4375,0
-0.08949,0.3125,0.4375,0
-0.089885,0.34375,0.4375,0
-0.087787,0.375,0.4375,0
-0.090017,0.40625,0.4375,0
-0.0928,0.4375,0.4375,0
-0.08686,0.46875,0.4375,0
-0.083795,0.5,0.4375,0
-0.08495,0.53125,0.4375,0
-0.087084,0.5625,0.4375,0
-0.09047,0.59375,0.4375,0
-0.094697,0.625,0.4375,0
-0.10045,0.65625,0.4375,0
-0.10367,0.6875,0.4375,0
-0.10224,0.71875,0.4375,0
-0.10073,0.75,0.4375,0
-0.10417,0.78125,0.4375,0
-0.10642,0.8125,0.4375,0
-0.10217,0.84375,0.4375,0
-0.10398,0.875,0.4375,0
-0.094893,0.90625,0.4375,0
-0.095812,0.9375,0.4375,0
-0.082746,0.96875,0.4375,0
0.014929,1,0.4375,0
0.0036571,0,0.46875,0
-0.0052821,0.03125,0.46875,0
-0.016886,0.0625,0.46875,0
-0.020782,0.09375,0.46875,0
-0.026637,0.125,0.46875,0
-0.02668,0.15625,0.46875,0
-0.034508,0.1875,0.46875,0
-0.036965,0.21875,0.46875,0
-0.027612,0.25,0.46875,0
-0.02461,0.28125,0.46875,0
-0.029091,0.3125,0.46875,0
-0.034388,0.34375,0.46875,0
-0.03804,0.375,0.46875,0
-0.043123,0.40625,0.46875,0
-0.043177,0.4375,0.46875,0
-0.049081,0.46875,0.46875,0
-0.060047,0.5,0.46875,0
-0.064146,0.53125,0.46875,0
-0.065925,0.5625,0.46875,0
-0.067514,0.59375,0.46875,0
-0.067713,0.625,0.46875,0
-0.066854,0.65625,0.46875,0
-0.068814,0.6875,0.46875,0
-0.074249,0.71875,0.46875,0
-0.079634,0.75,0.46875,0
-0.07797,0.78125,0.46875,0
-0.078725,0.8125,0.46875,0
-0.079152,0.84375,0.46875,0
-0.078442,0.875,0.46875,0
-0.072095,0.90625,0.46875,0
-0.0651,0.9375,0.46875,0
-0.065116,0.96875,0.46875,0
0.0077949,1,0.46875,0
0.0013361,0,0.5,0
0.0087632,0.03125,0.5,0
0.0056468,0.0625,0.5,0
0.0011575,0.09375,0.5,0
-0.0024472,0.125,0.5,0
-0.0090107,0.15625,0.5,0
-0.0076351,0.1875,0.5,0
-0.0099982,0.21875,0.5,0
-0.02434,0.25,0.5,0
-0.031509,0.28125,0.5,0
-0.031338,0.3125,0.5,0
-0.029589,0.34375,0.5,0
-0.029474,0.375,0.5,0
-0.029524,0.40625,0.5,0
-0.030224,0.4375,0.5,0
-0.033624,0.46875,0.5,0
-0.028161,0.5,0.5,0
-0.02485,0.53125,0.5,0
-0.028571,0.5625,0.5,0
-0.031625,0.59375,0.5,0
-0.037475,0.625,0.5,0
-0.043422,0.65625,0.5,0
-0.047676,0.6875,0.5,0
-0.047403,0.71875,0.5,0
-0.048075,0.75,0.5,0
-0.053243,0.78125,0.5,0
-0.05648,0.8125,0.5,0
-0.055385,0.84375,0.5,0
-0.056023,0.875,0.5,0
-0.054494,0.90625,0.5,0
-0.047206,0.9375,0.5,0
-0.045202,0.96875,0.5,0
0.0026353,1,0.5,0
-0.00057597,0,0.53125,0
0.021151,0.03125,0.53125,0
0.027368,0.0625,0.53125,0
0.027582,0.09375,0.53125,0
0.024794,0.125,0.53125,0
0.027428,0.15625,0.53125,0
0.020965,0.1875,0.53125,0
0.01982,0.21875,0.53125,0
0.030343,0.25,0.53125,0
0.034548,0.28125,0.53125,0
0.030824,0.3125,0.53125,0
0.026313,0.34375,0.53125,0
0.022448,0.375,0.53125,0
0.019787,0.40625,0.53125,0
0.016388,0.4375,0.53125,0
0.014534,0.46875,0.53125,0
0.010167,0.5,0.53125,0
-0.0016559,0.53125,0.53125,0
-0.0062553,0.5625,0.53125,0
-0.0069503,0.59375,0.53125,0
-0.0090883,0.625,0.53125,0
-0.0095106,0.65625,0.53125,0
-0.013259,0.6875,0.53125,0
-0.020454,0.71875,0.53125,0
-0.027285,0.75,0.53125,0
-0.028077,0.78125,0.53125,0
-0.030875,0.8125,0.53125,0
-0.034949,0.84375,0.53125,0
-0.035366,0.875,0.53125,0
-0.035338,0.90625,0.53125,0
-0.029687,0.9375,0.53125,0
-0.035723,0.96875,0.53125,0
0.0008271,1,0.53125,0
-0.0039992,0,0.5625,0
0.033314,0.03125,0.5625,0
0.049638,0.0625,0.5625,0
0.049356,0.09375,0.5625,0
0.048566,0.125,0.5625,0
0.044386,0.15625,0.5625,0
0.047516,0.1875,0.5625,0
0.046384,0.21875,0.5625,0
0.032653,0.25,0.5625,0
0.026358,0.28125,0.5625,0
0.027536,0.3125,0.5625,0
0.029871,0.34375,0.5625,0
0.030889,0.375,0.5625,0
0.031115,0.40625,0.5625,0
0.030452,0.4375,0.5625,0
0.030218,0.46875,0.5625,0
0.027833,0.5,0.5625,0
0.031138,0.53125,0.5625,0
0.035471,0.5625,0.5625,0
0.028096,0.59375,0.5625,0
0.021274,0.625,0.5625,0
0.014512,0.65625,0.5625,0
0.0081919,0.6875,0.5625,0
0.0066956,0.71875,0.5625,0
0.0034433,0.75,0.5625,0
-0.0045043,0.78125,0.5625,0
-0.010321,0.8125,0.5625,0
-0.013391,0.84375,0.5625,0
-0.017241,0.875,0.5625,0
-0.021506,0.90625,0.5625,0
-0.019788,0.9375,0.5625,0
-0.023539,0.96875,0.5625,0
-0.0008712,1,0.5625,0
-0.0069271,0,0.59375,0
0.043124,0.03125,0.59375,0
0.072604,0.0625,0.59375,0
0.077165,0.09375,0.59375,0
0.076349,0.125,0.59375,0
0.081171,0.15625,0.59375,0
0.075714,0.1875,0.59375,0
0.076362,0.21875,0.59375,0
0.088654,0.25,0.59375,0
0.093565,0.28125,0.59375,0
0.090531,0.3125,0.59375,0
0.086777,0.34375,0.59375,0
0.083725,0.375,0.59375,0
0.08176,0.40625,0.59375,0
0.079272,0.4375,0.59375,0
0.076943,0.46875,0.59375,0
0.074246,0.5,0.59375,0
0.069386,0.53125,0.59375,0
0.057416,0.5625,0.59375,0
0.050451,0.59375,0.59375,0
0.052395,0.625,0.59375,0
0.048086,0.65625,0.59375,0
0.042961,0.6875,0.59375,0
0.033773,0.71875,0.59375,0
0.023947,0.75,0.59375,0
0.020179,0.78125,0.59375,0
0.013673,0.8125,0.59375,0
0.0053505,0.84375,0.59375,0
0.00020297,0.875,0.59375,0
-0.0055921,0.90625,0.59375,0
-0.007416,0.9375,0.59375,0
-0.019466,0.96875,0.59375,0
-0.0012144,1,0.59375,0
-0.010326,0,0.625,0
0.049659,0.03125,0.625,0
0.095461,0.0625,0.625,0
0.10123,0.09375,0.625,0
0.10096,0.125,0.625,0
0.098019,0.15625,0.625,0
0.1031,0.1875,0.625,0
0.10195,0.21875,0.625,0
0.08855,0.25,0.625,0
0.083819,0.28125,0.625,0
0.08635,0.3125,0.625,0
0.089846,0.34375,0.625,0
0.091531,0.375,0.625,0
0.092431,0.40625,0.625,0
0.092647,0.4375,0.625,0
0.0919,0.46875,0.625,0
0.090585,0.5,0.625,0
0.089013,0.53125,0.625,0
0.090067,0.5625,0.625,0
0.093213,0.59375,0.625,0
0.084112,0.625,0.625,0
0.071083,0.65625,0.625,0
0.066613,0.6875,0.625,0
0.060453,0.71875,0.625,0
0.054959,0.75,0.625,0
0.043616,0.78125,0.625,0
0.033284,0.8125,0.625,0
0.025739,0.84375,0.625,0
0.016117,0.875,0.625,0
0.0058249,0.90625,0.625,0
-0.0005641,0.9375,0.625,0
-0.011136,0.96875,0.625,0
-0.0020926,1,0.625,0
-0.010429,0,0.65625,0
0.04714,0.03125,0.65625,0
0.11452,0.0625,0.65625,0
0.13139,0.09375,0.65625,0
0.13053,0.125,0.65625,0
0.13563,0.15625,0.65625,0
0.13059,0.1875,0.65625,0
0.13321,0.21875,0.65625,0
0.14746,0.25,0.65625,0
0.15245,0.28125,0.65625,0
0.14994,0.3125,0.65625,0
0.14706,0.34375,0.65625,0
0.14562,0.375,0.65625,0
0.14405,0.40625,0.65625,0
0.14297,0.4375,0.65625,0
0.14114,0.46875,0.65625,0
0.13859,0.5,0.65625,0
0.13488,0.53125,0.65625,0
0.12851,0.5625,0.65625,0
0.11708,0.59375,0.65625,0
0.10743,0.625,0.65625,0
0.10923,0.65625,0.65625,0
0.10308,0.6875,0.65625,0
0.087311,0.71875,0.65625,0
0.077216,0.75,0.65625,0
0.067809,0.78125,0.65625,0
0.057298,0.8125,0.65625,0
0.043939,0.84375,0.65625,0
0.032226,0.875,0.65625,0
0.020236,0.90625,0.65625,0
0.0098122,0.9375,0.65625,0
-0.0095451,0.96875,0.65625,0
-0.002223,1,0.65625,0
-0.008628,0,0.6875,0
0.033598,0.03125,0.6875,0
0.12249,0.0625,0.6875,0
0.15576,0.09375,0.6875,0
0.15643,0.125,0.6875,0
0.15225,0.15625,0.6875,0
0.15939,0.1875,0.6875,0
0.15657,0.21875,0.6875,0
0.14323,0.25,0.6875,0
0.14048,0.28125,0.6875,0
0.14554,0.3125,0.6875,0
0.14953,0.34375,0.6875,0
0.15306,0.375,0.6875,0
0.15478,0.40625,0.6875,0
0.15578,0.4375,0.6875,0
0.15579,0.46875,0.6875,0
0.15513,0.5,0.6875,0
0.15318,0.53125,0.6875,0
0.15088,0.5625,0.6875,0
0.14998,0.59375,0.6875,0
0.1497,0.625,0.6875,0
0.13944,0.65625,0.6875,0
0.1213,0.6875,0.6875,0
0.11698,0.71875,0.6875,0
0.11003,0.75,0.6875,0
0.091341,0.78125,0.6875,0
0.078013,0.8125,0.6875,0
0.064134,0.84375,0.6875,0
0.0478,0.875,0.6875,0
0.030896,0.90625,0.6875,0
0.015557,0.9375,0.6875,0
-0.0030404,0.96875,0.6875,0
-0.0029687,1,0.6875,0
-0.0043295,0,0.71875,0
0.010553,0.03125,0.71875,0
0.11158,0.0625,0.71875,0
0.17907,0.09375,0.71875,0
0.18858,0.125,0.71875,0
0.19056,0.15625,0.71875,0
0.18509,0.1875,0.71875,0
0.19017,0.21875,0.71875,0
0.20666,0.25,0.71875,0
0.21006,0.28125,0.71875,0
0.2088,0.3125,0.71875,0
0.20747,0.34375,0.71875,0
0.20737,0.375,0.71875,0
0.2081,0.40625,0.71875,0
0.20832,0.4375,0.71875,0
0.20762,0.46875,0.71875,0
0.20575,0.5,0.71875,0
0.20262,0.53125,0.71875,0
0.19797,0.5625,0.71875,0
0.18994,0.59375,0.71875,0
0.17791,0.625,0.71875,0
0.16583,0.65625,0.71875,0
0.16259,0.6875,0.71875,0
0.15243,0.71875,0.71875,0
0.12955,0.75,0.71875,0
0.11769,0.78125,0.71875,0
0.10395,0.8125,0.71875,0
0.082769,0.84375,0.71875,0
0.064297,0.875,0.71875,0
0.045411,0.90625,0.71875,0
0.025374,0.9375,0.71875,0
-0.002534,0.96875,0.71875,0
-0.0031907,1,0.71875,0
-0.0011965,0,0.75,0
0.0027093,0.03125,0.75,0
0.076729,0.0625,0.75,0
0.17937,0.09375,0.75,0
0.21299,0.125,0.75,0
0.20807,0.15625,0.75,0
0.21503,0.1875,0.75,0
0.20906,0.21875,0.75,0
0.19541,0.25,0.75,0
0.19685,0.28125,0.75,0
0.20282,0.3125,0.75,0
0.21021,0.34375,0.75,0
0.21458,0.375,0.75,0
0.21842,0.40625,0.75,0
0.22087,0.4375,0.75,0
0.22282,0.46875,0.75,0
0.22308,0.5,0.75,0
0.22191,0.53125,0.75,0
0.21889,0.5625,0.75,0
0.21483,0.59375,0.75,0
0.21098,0.625,0.75,0
0.20611,0.65625,0.75,0
0.19413,0.6875,0.75,0
0.17476,0.71875,0.75,0
0.16446,0.75,0.75,0
0.14739,0.78125,0.75,0
0.12526,0.8125,0.75,0
0.10456,0.84375,0.75,0
0.081056,0.875,0.75,0
0.056969,0.90625,0.75,0
0.030661,0.9375,0.75,0
0.0036751,0.96875,0.75,0
-0.0033616,1,0.75,0
0.005436,0,0.78125,0
-0.0025798,0.03125,0.78125,0
0.030736,0.0625,0.78125,0
0.15325,0.09375,0.78125,0
0.23134,0.125,0.78125,0
0.24866,0.15625,0.78125,0
0.23691,0.1875,0.78125,0
0.24728,0.21875,0.78125,0
0.26277,0.25,0.78125,0
0.26626,0.28125,0.78125,0
0.26566,0.3125,0.78125,0
0.26667,0.34375,0.78125,0
0.27048,0.375,0.78125,0
0.27385,0.40625,0.78125,0
0.27655,0.4375,0.78125,0
0.27754,0.46875,0.78125,0
0.27716,0.5,0.78125,0
0.27504,0.53125,0.78125,0
0.27098,0.5625,0.78125,0
0.26476,0.59375,0.78125,0
0.25479,0.625,0.78125,0
0.24123,0.65625,0.78125,0
0.22553,0.6875,0.78125,0
0.21308,0.71875,0.78125,0
0.19451,0.75,0.78125,0
0.17407,0.78125,0.78125,0
0.15473,0.8125,0.78125,0
0.12469,0.84375,0.78125,0
0.10042,0.875,0.78125,0
0.072783,0.90625,0.78125,0
0.039916,0.9375,0.78125,0
0.0043798,0.96875,0.78125,0
-0.0017347,1,0.78125,0
-0.0019872,0,0.8125,0
-0.016639,0.03125,0.8125,0
0.00061536,0.0625,0.8125,0
0.087387,0.09375,0.8125,0
0.20793,0.125,0.8125,0
0.25944,0.15625,0.8125,0
0.27072,0.1875,0.8125,0
0.25604,0.21875,0.8125,0
0.24436,0.25,0.8125,0
0.24885,0.28125,0.8125,0
0.26034,0.3125,0.8125,0
0.26921,0.34375,0.8125,0
0.2768,0.375,0.8125,0
0.2835,0.40625,0.8125,0
0.28948,0.4375,0.8125,0
0.29384,0.46875,0.8125,0
0.29633,0.5,0.8125,0
0.29638,0.53125,0.8125,0
0.29407,0.5625,0.8125,0
0.28908,0.59375,0.8125,0
0.28221,0.625,0.8125,0
0.27367,0.65625,0.8125,0
0.26349,0.6875,0.8125,0
0.24861,0.71875,0.8125,0
0.2309,0.75,0.8125,0
0.20969,0.78125,0.8125,0
0.17691,0.8125,0.8125,0
0.1502,0.84375,0.8125,0
0.1234,0.875,0.8125,0
0.08406,0.90625,0.8125,0
0.04432,0.9375,0.8125,0
0.0081691,0.96875,0.8125,0
0.0005933,1,0.8125,0
0.0057655,0,0.84375,0
0.0042981,0.03125,0.84375,0
0.0013554,0.0625,0.84375,0
0.038777,0.09375,0.84375,0
0.14477,0.125,0.84375,0
0.25627,0.15625,0.84375,0
0.28477,0.1875,0.84375,0
0.29929,0.21875,0.84375,0
0.31328,0.25,0.84375,0
0.31498,0.28125,0.84375,0
0.31756,0.3125,0.84375,0
0.32562,0.34375,0.84375,0
0.33451,0.375,0.84375,0
0.34262,0.40625,0.84375,0
0.34861,0.4375,0.84375,0
0.3527,0.46875,0.84375,0
0.35443,0.5,0.84375,0
0.35386,0.53125,0.84375,0
0.35081,0.5625,0.84375,0
0.3451,0.59375,0.84375,0
0.33657,0.625,0.84375,0
0.32431,0.65625,0.84375,0
0.30837,0.6875,0.84375,0
0.28839,0.71875,0.84375,0
0.26455,0.75,0.84375,0
0.23496,0.78125,0.84375,0
0.21051,0.8125,0.84375,0
0.1836,0.84375,0.84375,0
0.14565,0.875,0.84375,0
0.099357,0.90625,0.84375,0
0.052645,0.9375,0.84375,0
-0.0016661,0.96875,0.84375,0
-0.0061,1,0.84375,0
-0.0060134,0,0.875,0
-0.030966,0.03125,0.875,0
0.01538,0.0625,0.875,0
0.010005,0.09375,0.875,0
0.051376,0.125,0.875,0
0.1757,0.15625,0.875,0
0.28025,0.1875,0.875,0
0.29535,0.21875,0.875,0
0.28643,0.25,0.875,0
0.29955,0.28125,0.875,0
0.31452,0.3125,0.875,0
0.32834,0.34375,0.875,0
0.34155,0.375,0.875,0
0.35414,0.40625,0.875,0
0.36484,0.4375,0.875,0
0.3731,0.46875,0.875,0
0.37839,0.5,0.875,0
0.38054,0.53125,0.875,0
0.37942,0.5625,0.875,0
0.37488,0.59375,0.875,0
0.36701,0.625,0.875,0
0.35577,0.65625,0.875,0
0.34146,0.6875,0.875,0
0.32382,0.71875,0.875,0
0.3038,0.75,0.875,0
0.28244,0.78125,0.875,0
0.25528,0.8125,0.875,0
0.21586,0.84375,0.875,0
0.17014,0.875,0.875,0
0.1115,0.90625,0.875,0
0.057478,0.9375,0.875,0
-0.0084597,0.96875,0.875,0
-0.027453,1,0.875,0
0.013091,0,0.90625,0
0.024906,0.03125,0.90625,0
-0.04904,0.0625,0.90625,0
-0.02504,0.09375,0.90625,0
0.023625,0.125,0.90625,0
0.082543,0.15625,0.90625,0
0.1628,0.1875,0.90625,0
0.28147,0.21875,0.90625,0
0.3315,0.25,0.90625,0
0.34281,0.28125,0.90625,0
0.35856,0.3125,0.90625,0
0.3779,0.34375,0.90625,0
0.39585,0.375,0.90625,0
0.41102,0.40625,0.90625,0
0.42272,0.4375,0.90625,0
0.43112,0.46875,0.90625,0
0.43607,0.5,0.90625,0
0.43774,0.53125,0.90625,0
0.43613,0.5625,0.90625,0
0.43128,0.59375,0.90625,0
0.42324,0.625,0.90625,0
0.41178,0.65625,0.90625,0
0.39696,0.6875,0.90625,0
0.3782,0.71875,0.90625,0
0.35516,0.75,0.90625,0
0.3248,0.78125,0.90625,0
0.28776,0.8125,0.90625,0
0.24288,0.84375,0.90625,0
0.19046,0.875,0.90625,0
0.129,0.90625,0.90625,0
0.06735,0.9375,0.90625,0
-0.011185,0.96875,0.90625,0
-0.043512,1,0.90625,0
0.0023497,0,0.9375,0
-0.023823,0.03125,0.9375,0
0.040896,0.0625,0.9375,0
0.030439,0.09375,0.9375,0
0.011128,0.125,0.9375,0
0.0024621,0.15625,0.9375,0
0.11267,0.1875,0.9375,0
0.18082,0.21875,0.9375,0
0.25636,0.25,0.9375,0
0.34456,0.28125,0.9375,0
0.38257,0.3125,0.9375,0
0.4138,0.34375,0.9375,0
0.43607,0.375,0.9375,0
0.45625,0.40625,0.9375,0
0.47144,0.4375,0.9375,0
0.48312,0.46875,0.9375,0
0.4905,0.5,0.9375,0
0.49401,0.53125,0.9375,0
0.49364,0.5625,0.9375,0
0.4892,0.59375,0.9375,0
0.48101,0.625,0.9375,0
0.46832,0.65625,0.9375,0
0.45163,0.6875,0.9375,0
0.42945,0.71875,0.9375,0
0.40254,0.75,0.9375,0
0.36939,0.78125,0.9375,0
0.33065,0.8125,0.9375,0
0.28341,0.84375,0.9375,0
0.2296,0.875,0.9375,0
0.1671,0.90625,0.9375,0
0.095928,0.9375,0.9375,0
0.030139,0.96875,0.9375,0
-0.032147,1,0.9375,0
-0.012114,0,0.96875,0
-0.020978,0.03125,0.96875,0
-0.15047,0.0625,0.96875,0
-0.22716,0.09375,0.96875,0
-0.26832,0.125,0.96875,0
-0.2768,0.15625,0.96875,0
-0.22243,0.1875,0.96875,0
-0.10965,0.21875,0.96875,0
0.0044677,0.25,0.96875,0
0.11797,0.28125,0.96875,0
0.22288,0.3125,0.96875,0
0.30005,0.34375,0.96875,0
0.35606,0.375,0.96875,0
0.39585,0.40625,0.96875,0
0.42422,0.4375,0.96875,0
0.44406,0.46875,0.96875,0
0.4568,0.5,0.96875,0
0.46409,0.53125,0.96875,0
0.46583,0.5625,0.96875,0
0.46346,0.59375,0.96875,0
0.45598,0.625,0.96875,0
0.44503,0.65625,0.96875,0
0.42881,0.6875,0.96875,0
0.40966,0.71875,0.96875,0
0.38466,0.75,0.96875,0
0.35732,0.78125,0.96875,0
0.32328,0.8125,0.96875,0
0.28993,0.84375,0.96875,0
0.24897,0.875,0.96875,0
0.21193,0.90625,0.96875,0
0.16347,0.9375,0.96875,0
0.071969,0.96875,0.96875,0
-0.067194,1,0.96875,0
-0.0044729,0,1,0
0.10483,0.03125,1,0
0.25737,0.0625,1,0
0.35534,0.09375,1,0
0.43227,0.125,1,0
0.51,0.15625,1,0
0.44229,0.1875,1,0
0.43044,0.21875,1,0
0.51004,0.25,1,0
0.53544,0.28125,1,0
0.58811,0.3125,1,0
0.63214,0.34375,1,0
0.6778,0.375,1,0
0.71291,0.40625,1,0
0.74343,0.4375,1,0
0.76638,0.46875,1,0
0.78527,0.5,1,0
0.79931,0.53125,1,0
0.81021,0.5625,1,0
0.81804,0.59375,1,0
0.82333,0.625,1,0
0.82683,0.65625,1,0
0.82812,0.6875,1,0
0.82871,0.71875,1,0
0.82729,0.75,1,0
0.82663,0.78125,1,0
0.82425,0.8125,1,0
0.82386,0.84375,1,0
0.8208,0.875,1,0
0.82332,0.90625,1,0
0.8005,0.9375,1,0
0.80665,0.96875,1,0
0.22423,1,1,0
