"v_sol","vtkValidPointMask","arc_length","Points:0","Points:1","Points:2"
0.0026376,1,0,0,0.5,0
0.022521,1,0.001,0.001,0.5,0
0.042403,1,0.002,0.002,0.5,0
0.062286,1,0.003,0.003,0.5,0
0.082169,1,0.004,0.004,0.5,0
0.10205,1,0.005,0.005,0.5,0
0.12194,1,0.006,0.006,0.5,0
0.14182,1,0.007,0.007,0.5,0
0.16058,1,0.008,0.008,0.5,0
0.17451,1,0.009,0.009,0.5,0
0.18844,1,0.01,0.01,0.5,0
0.20237,1,0.011,0.011,0.5,0
0.21629,1,0.012,0.012,0.5,0
0.23022,1,0.013,0.013,0.5,0
0.24415,1,0.014,0.014,0.5,0
0.25807,1,0.015,0.015,0.5,0
0.26987,1,0.016,0.016,0.5,0
0.27811,1,0.017,0.017,0.5,0
0.28634,1,0.018,0.018,0.5,0
0.29458,1,0.019,0.019,0.5,0
0.30282,1,0.02,0.02,0.5,0
0.31106,1,0.021,0.021,0.5,0
0.31929,1,0.022,0.022,0.5,0
0.32753,1,0.023,0.023,0.5,0
0.33425,1,0.024,0.024,0.5,0
0.33978,1,0.025,0.025,0.5,0
0.34531,1,0.026,0.026,0.5,0
0.35084,1,0.027,0.027,0.5,0
0.35637,1,0.028,0.028,0.5,0
0.3619,1,0.029,0.029,0.5,0
0.36743,1,0.03,0.03,0.5,0
0.37296,1,0.031,0.031,0.5,0
0.37761,1,0.032,0.032,0.5,0
0.38198,1,0.033,0.033,0.5,0
0.38634,1,0.034,0.034,0.5,0
0.39071,1,0.035,0.035,0.5,0
0.39507,1,0.036,0.036,0.5,0
0.39944,1,0.037,0.037,0.5,0
0.4038,1,0.038,0.038,0.5,0
0.40817,1,0.039,0.039,0.5,0
0.41153,1,0.04,0.04,0.5,0
0.41484,1,0.041,0.041,0.5,0
0.41814,1,0.042,0.042,0.5,0
0.42144,1,0.043,0.043,0.5,0
0.42474,1,0.044,0.044,0.5,0
0.42804,1,0.045,0.045,0.5,0
0.43134,1,0.046,0.046,0.5,0
0.43449,1,0.047,0.047,0.5,0
0.43662,1,0.048,0.048,0.5,0
0.43874,1,0.049,0.049,0.5,0
0.44086,1,0.05,0.05,0.5,0
0.44298,1,0.051,0.051,0.5,0
0.4451,1,0.052,0.052,0.5,0
0.44722,1,0.053,0.053,0.5,0
0.44934,1,0.054,0.054,0.5,0
0.45111,1,0.055,0.055,0.5,0
0.45208,1,0.056,0.056,0.5,0
0.45305,1,0.057,0.057,0.5,0
0.45403,1,0.058,0.058,0.5,0
0.455,1,0.059,0.059,0.5,0
0.45598,1,0.06,0.06,0.5,0
0.45695,1,0.061,0.061,0.5,0
0.45792,1,0.062,0.062,0.5,0
0.45841,1,0.063,0.063,0.5,0
0.45842,1,0.064,0.064,0.5,0
0.45843,1,0.065,0.065,0.5,0
0.45844,1,0.066,0.066,0.5,0
0.45845,1,0.067,0.067,0.5,0
0.45846,1,0.068,0.068,0.5,0
0.45846,1,0.069,0.069,0.5,0
0.45847,1,0.07,0.07,0.5,0
0.458,1,0.071,0.071,0.5,0
0.4573,1,0.072,0.072,0.5,0
0.45661,1,0.073,0.073,0.5,0
0.45592,1,0.074,0.074,0.5,0
0.45522,1,0.075,0.075,0.5,0
0.45453,1,0.076,0.076,0.5,0
0.45383,1,0.077,0.077,0.5,0
0.45314,1,0.078,0.078,0.5,0
0.45207,1,0.079,0.079,0.5,0
0.45094,1,0.08,0.08,0.5,0
0.44982,1,0.081,0.081,0.5,0
0.44869,1,0.082,0.082,0.5,0
0.44757,1,0.083,0.083,0.5,0
0.44645,1,0.084,0.084,0.5,0
0.44532,1,0.085,0.085,0.5,0
0.44419,1,0.086,0.086,0.5,0
0.44286,1,0.087,0.087,0.5,0
0.44154,1,0.088,0.088,0.5,0
0.44021,1,0.089,0.089,0.5,0
0.43889,1,0.09,0.09,0.5,0
0.43756,1,0.091,0.091,0.5,0
0.43624,1,0.092,0.092,0.5,0
0.43491,1,0.093,0.093,0.5,0
0.43358,1,0.094,0.094,0.5,0
0.43221,1,0.095,0.095,0.5,0
0.43084,1,0.096,0.096,0.5,0
0.42948,1,0.097,0.097,0.5,0
0.42811,1,0.098,0.098,0.5,0
0.42674,1,0.099,0.099,0.5,0
0.42538,1,0.1,0.1,0.5,0
0.42401,1,0.101,0.101,0.5,0
0.42266,1,0.102,0.102,0.5,0
0.42134,1,0.103,0.103,0.5,0
0.42001,1,0.104,0.104,0.5,0
0.41869,1,0.105,0.105,0.5,0
0.41736,1,0.106,0.106,0.5,0
0.41604,1,0.107,0.107,0.5,0
0.41471,1,0.108,0.108,0.5,0
0.41339,1,0.109,0.109,0.5,0
0.41211,1,0.11,0.11,0.5,0
0.41085,1,0.111,0.111,0.5,0
0.4096,1,0.112,0.112,0.5,0
0.40834,1,0.113,0.113,0.5,0
0.40709,1,0.114,0.114,0.5,0
0.40584,1,0.115,0.115,0.5,0
0.40458,1,0.116,0.116,0.5,0
0.40333,1,0.117,0.117,0.5,0
0.40213,1,0.118,0.118,0.5,0
0.40094,1,0.119,0.119,0.5,0
0.39975,1,0.12,0.12,0.5,0
0.39857,1,0.121,0.121,0.5,0
0.39738,1,0.122,0.122,0.5,0
0.39619,1,0.123,0.123,0.5,0
0.395,1,0.124,0.124,0.5,0
0.39381,1,0.125,0.125,0.5,0
0.39267,1,0.126,0.126,0.5,0
0.39153,1,0.127,0.127,0.5,0
0.39039,1,0.128,0.128,0.5,0
0.38925,1,0.129,0.129,0.5,0
0.38811,1,0.13,0.13,0.5,0
0.38697,1,0.131,0.131,0.5,0
0.38584,1,0.132,0.132,0.5,0
0.3847,1,0.133,0.133,0.5,0
0.38359,1,0.134,0.134,0.5,0
0.38248,1,0.135,0.135,0.5,0
0.38137,1,0.136,0.136,0.5,0
0.38026,1,0.137,0.137,0.5,0
0.37915,1,0.138,0.138,0.5,0
0.37804,1,0.139,0.139,0.5,0
0.37693,1,0.14,0.14,0.5,0
0.37582,1,0.141,0.141,0.5,0
0.37473,1,0.142,0.142,0.5,0
0.37363,1,0.143,0.143,0.5,0
0.37254,1,0.144,0.144,0.5,0
0.37144,1,0.145,0.145,0.5,0
0.37034,1,0.146,0.146,0.5,0
0.36925,1,0.147,0.147,0.5,0
0.36815,1,0.148,0.148,0.5,0
0.36706,1,0.149,0.149,0.5,0
0.36598,1,0.15,0.15,0.5,0
0.36489,1,0.151,0.151,0.5,0
0.3638,1,0.152,0.152,0.5,0
0.36271,1,0.153,0.153,0.5,0
0.36163,1,0.154,0.154,0.5,0
0.36054,1,0.155,0.155,0.5,0
0.35945,1,0.156,0.156,0.5,0
0.35837,1,0.157,0.157,0.5,0
0.35728,1,0.158,0.158,0.5,0
0.3562,1,0.159,0.159,0.5,0
0.35512,1,0.16,0.16,0.5,0
0.35403,1,0.161,0.161,0.5,0
0.35295,1,0.162,0.162,0.5,0
0.35187,1,0.163,0.163,0.5,0
0.35078,1,0.164,0.164,0.5,0
0.3497,1,0.165,0.165,0.5,0
0.34862,1,0.166,0.166,0.5,0
0.34755,1,0.167,0.167,0.5,0
0.34647,1,0.168,0.168,0.5,0
0.34539,1,0.169,0.169,0.5,0
0.34431,1,0.17,0.17,0.5,0
0.34323,1,0.171,0.171,0.5,0
0.34215,1,0.172,0.172,0.5,0
0.34107,1,0.173,0.173,0.5,0
0.34,1,0.174,0.174,0.5,0
0.33892,1,0.175,0.175,0.5,0
0.33785,1,0.176,0.176,0.5,0
0.33677,1,0.177,0.177,0.5,0
0.3357,1,0.178,0.178,0.5,0
0.33462,1,0.179,0.179,0.5,0
0.33355,1,0.18,0.18,0.5,0
0.33248,1,0.181,0.181,0.5,0
0.33141,1,0.182,0.182,0.5,0
0.33033,1,0.183,0.183,0.5,0
0.32926,1,0.184,0.184,0.5,0
0.32819,1,0.185,0.185,0.5,0
0.32712,1,0.186,0.186,0.5,0
0.32605,1,0.187,0.187,0.5,0
0.32498,1,0.188,0.188,0.5,0
0.32392,1,0.189,0.189,0.5,0
0.32285,1,0.19,0.19,0.5,0
0.32179,1,0.191,0.191,0.5,0
0.32072,1,0.192,0.192,0.5,0
0.31965,1,0.193,0.193,0.5,0
0.31859,1,0.194,0.194,0.5,0
0.31752,1,0.195,0.195,0.5,0
0.31646,1,0.196,0.196,0.5,0
0.3154,1,0.197,0.197,0.5,0
0.31434,1,0.198,0.198,0.5,0
0.31328,1,0.199,0.199,0.5,0
0.31222,1,0.2,0.2,0.5,0
0.31116,1,0.201,0.201,0.5,0
0.3101,1,0.202,0.202,0.5,0
0.30904,1,0.203,0.203,0.5,0
0.30798,1,0.204,0.204,0.5,0
0.30692,1,0.205,0.205,0.5,0
0.30587,1,0.206,0.206,0.5,0
0.30481,1,0.207,0.207,0.5,0
0.30376,1,0.208,0.208,0.5,0
0.3027,1,0.209,0.209,0.5,0
0.30165,1,0.21,0.21,0.5,0
0.30059,1,0.211,0.211,0.5,0
0.29954,1,0.212,0.212,0.5,0
0.29849,1,0.213,0.213,0.5,0
0.29744,1,0.214,0.214,0.5,0
0.29639,1,0.215,0.215,0.5,0
0.29533,1,0.216,0.216,0.5,0
0.29428,1,0.217,0.217,0.5,0
0.29323,1,0.218,0.218,0.5,0
0.29218,1,0.219,0.219,0.5,0
0.29114,1,0.22,0.22,0.5,0
0.29009,1,0.221,0.221,0.5,0
0.28904,1,0.222,0.222,0.5,0
0.288,1,0.223,0.223,0.5,0
0.28695,1,0.224,0.224,0.5,0
0.2859,1,0.225,0.225,0.5,0
0.28486,1,0.226,0.226,0.5,0
0.28381,1,0.227,0.227,0.5,0
0.28277,1,0.228,0.228,0.5,0
0.28173,1,0.229,0.229,0.5,0
0.28068,1,0.23,0.23,0.5,0
0.27964,1,0.231,0.231,0.5,0
0.2786,1,0.232,0.232,0.5,0
0.27756,1,0.233,0.233,0.5,0
0.27651,1,0.234,0.234,0.5,0
0.27547,1,0.235,0.235,0.5,0
0.27443,1,0.236,0.236,0.5,0
0.27339,1,0.237,0.237,0.5,0
0.27236,1,0.238,0.238,0.5,0
0.27132,1,0.239,0.239,0.5,0
0.27028,1,0.24,0.24,0.5,0
0.26924,1,0.241,0.241,0.5,0
0.2682,1,0.242,0.242,0.5,0
0.26716,1,0.243,0.243,0.5,0
0.26613,1,0.244,0.244,0.5,0
0.26509,1,0.245,0.245,0.5,0
0.26406,1,0.246,0.246,0.5,0
0.26302,1,0.247,0.247,0.5,0
0.26199,1,0.248,0.248,0.5,0
0.26095,1,0.249,0.249,0.5,0
0.25992,1,0.25,0.25,0.5,0
0.25889,1,0.251,0.251,0.5,0
0.25785,1,0.252,0.252,0.5,0
0.25682,1,0.253,0.253,0.5,0
0.25579,1,0.254,0.254,0.5,0
0.25476,1,0.255,0.255,0.5,0
0.25373,1,0.256,0.256,0.5,0
0.25269,1,0.257,0.257,0.5,0
0.25166,1,0.258,0.258,0.5,0
0.25064,1,0.259,0.259,0.5,0
0.24961,1,0.26,0.26,0.5,0
0.24858,1,0.261,0.261,0.5,0
0.24755,1,0.262,0.262,0.5,0
0.24652,1,0.263,0.263,0.5,0
0.24549,1,0.264,0.264,0.5,0
0.24446,1,0.265,0.265,0.5,0
0.24344,1,0.266,0.266,0.5,0
0.24241,1,0.267,0.267,0.5,0
0.24138,1,0.268,0.268,0.5,0
0.24036,1,0.269,0.269,0.5,0
0.23933,1,0.27,0.27,0.5,0
0.23831,1,0.271,0.271,0.5,0
0.23728,1,0.272,0.272,0.5,0
0.23626,1,0.273,0.273,0.5,0
0.23523,1,0.274,0.274,0.5,0
0.23421,1,0.275,0.275,0.5,0
0.23319,1,0.276,0.276,0.5,0
0.23216,1,0.277,0.277,0.5,0
0.23114,1,0.278,0.278,0.5,0
0.23012,1,0.279,0.279,0.5,0
0.2291,1,0.28,0.28,0.5,0
0.22807,1,0.281,0.281,0.5,0
0.22705,1,0.282,0.282,0.5,0
0.22603,1,0.283,0.283,0.5,0
0.22501,1,0.284,0.284,0.5,0
0.22399,1,0.285,0.285,0.5,0
0.22297,1,0.286,0.286,0.5,0
0.22195,1,0.287,0.287,0.5,0
0.22093,1,0.288,0.288,0.5,0
0.21991,1,0.289,0.289,0.5,0
0.2189,1,0.29,0.29,0.5,0
0.21788,1,0.291,0.291,0.5,0
0.21686,1,0.292,0.292,0.5,0
0.21584,1,0.293,0.293,0.5,0
0.21483,1,0.294,0.294,0.5,0
0.21381,1,0.295,0.295,0.5,0
0.21279,1,0.296,0.296,0.5,0
0.21178,1,0.297,0.297,0.5,0
0.21076,1,0.298,0.298,0.5,0
0.20975,1,0.299,0.299,0.5,0
0.20873,1,0.3,0.3,0.5,0
0.20772,1,0.301,0.301,0.5,0
0.2067,1,0.302,0.302,0.5,0
0.20569,1,0.303,0.303,0.5,0
0.20467,1,0.304,0.304,0.5,0
0.20366,1,0.305,0.305,0.5,0
0.20265,1,0.306,0.306,0.5,0
0.20163,1,0.307,0.307,0.5,0
0.20062,1,0.308,0.308,0.5,0
0.19961,1,0.309,0.309,0.5,0
0.1986,1,0.31,0.31,0.5,0
0.19758,1,0.311,0.311,0.5,0
0.19657,1,0.312,0.312,0.5,0
0.19556,1,0.313,0.313,0.5,0
0.19455,1,0.314,0.314,0.5,0
0.19354,1,0.315,0.315,0.5,0
0.19253,1,0.316,0.316,0.5,0
0.19152,1,0.317,0.317,0.5,0
0.19051,1,0.318,0.318,0.5,0
0.1895,1,0.319,0.319,0.5,0
0.18849,1,0.32,0.32,0.5,0
0.18748,1,0.321,0.321,0.5,0
0.18648,1,0.322,0.322,0.5,0
0.18547,1,0.323,0.323,0.5,0
0.18446,1,0.324,0.324,0.5,0
0.18345,1,0.325,0.325,0.5,0
0.18244,1,0.326,0.326,0.5,0
0.18144,1,0.327,0.327,0.5,0
0.18043,1,0.328,0.328,0.5,0
0.17942,1,0.329,0.329,0.5,0
0.17842,1,0.33,0.33,0.5,0
0.17741,1,0.331,0.331,0.5,0
0.17641,1,0.332,0.332,0.5,0
0.1754,1,0.333,0.333,0.5,0
0.1744,1,0.334,0.334,0.5,0
0.17339,1,0.335,0.335,0.5,0
0.17238,1,0.336,0.336,0.5,0
0.17138,1,0.337,0.337,0.5,0
0.17038,1,0.338,0.338,0.5,0
0.16937,1,0.339,0.339,0.5,0
0.16837,1,0.34,0.34,0.5,0
0.16737,1,0.341,0.341,0.5,0
0.16636,1,0.342,0.342,0.5,0
0.16536,1,0.343,0.343,0.5,0
0.16436,1,0.344,0.344,0.5,0
0.16335,1,0.345,0.345,0.5,0
0.16235,1,0.346,0.346,0.5,0
0.16135,1,0.347,0.347,0.5,0
0.16035,1,0.348,0.348,0.5,0
0.15935,1,0.349,0.349,0.5,0
0.15835,1,0.35,0.35,0.5,0
0.15735,1,0.351,0.351,0.5,0
0.15634,1,0.352,0.352,0.5,0
0.15534,1,0.353,0.353,0.5,0
0.15434,1,0.354,0.354,0.5,0
0.15335,1,0.355,0.355,0.5,0
0.15235,1,0.356,0.356,0.5,0
0.15135,1,0.357,0.357,0.5,0
0.15035,1,0.358,0.358,0.5,0
0.14935,1,0.359,0.359,0.5,0
0.14835,1,0.36,0.36,0.5,0
0.14735,1,0.361,0.361,0.5,0
0.14635,1,0.362,0.362,0.5,0
0.14535,1,0.363,0.363,0.5,0
0.14436,1,0.364,0.364,0.5,0
0.14336,1,0.365,0.365,0.5,0
0.14236,1,0.366,0.366,0.5,0
0.14136,1,0.367,0.367,0.5,0
0.14036,1,0.368,0.368,0.5,0
0.13937,1,0.369,0.369,0.5,0
0.13837,1,0.37,0.37,0.5,0
0.13738,1,0.371,0.371,0.5,0
0.13638,1,0.372,0.372,0.5,0
0.13538,1,0.373,0.373,0.5,0
0.13439,1,0.374,0.374,0.5,0
0.13339,1,0.375,0.375,0.5,0
0.13239,1,0.376,0.376,0.5,0
0.1314,1,0.377,0.377,0.5,0
0.1304,1,0.378,0.378,0.5,0
0.12941,1,0.379,0.379,0.5,0
0.12842,1,0.38,0.38,0.5,0
0.12742,1,0.381,0.381,0.5,0
0.12643,1,0.382,0.382,0.5,0
0.12543,1,0.383,0.383,0.5,0
0.12444,1,0.384,0.384,0.5,0
0.12344,1,0.385,0.385,0.5,0
0.12245,1,0.386,0.386,0.5,0
0.12146,1,0.387,0.387,0.5,0
0.12046,1,0.388,0.388,0.5,0
0.11947,1,0.389,0.389,0.5,0
0.11848,1,0.39,0.39,0.5,0
0.11748,1,0.391,0.391,0.5,0
0.11649,1,0.392,0.392,0.5,0
0.1155,1,0.393,0.393,0.5,0
0.11451,1,0.394,0.394,0.5,0
0.11352,1,0.395,0.395,0.5,0
0.11252,1,0.396,0.396,0.5,0
0.11153,1,0.397,0.397,0.5,0
0.11054,1,0.398,0.398,0.5,0
0.10955,1,0.399,0.399,0.5,0
0.10856,1,0.4,0.4,0.5,0
0.10757,1,0.401,0.401,0.5,0
0.10658,1,0.402,0.402,0.5,0
0.10558,1,0.403,0.403,0.5,0
0.10459,1,0.404,0.404,0.5,0
0.1036,1,0.405,0.405,0.5,0
0.10261,1,0.406,0.406,0.5,0
0.10162,1,0.407,0.407,0.5,0
0.10063,1,0.408,0.408,0.5,0
0.099642,1,0.409,0.409,0.5,0
0.098653,1,0.41,0.41,0.5,0
0.097663,1,0.411,0.411,0.5,0
0.096673,1,0.412,0.412,0.5,0
0.095683,1,0.413,0.413,0.5,0
0.094694,1,0.414,0.414,0.5,0
0.093705,1,0.415,0.415,0.5,0
0.092716,1,0.416,0.416,0.5,0
0.091727,1,0.417,0.417,0.5,0
0.090738,1,0.418,0.418,0.5,0
0.08975,1,0.419,0.419,0.5,0
0.088761,1,0.42,0.42,0.5,0
0.087772,1,0.421,0.421,0.5,0
0.086784,1,0.422,0.422,0.5,0
0.085796,1,0.423,0.423,0.5,0
0.084808,1,0.424,0.424,0.5,0
0.08382,1,0.425,0.425,0.5,0
0.082832,1,0.426,0.426,0.5,0
0.081844,1,0.427,0.427,0.5,0
0.080856,1,0.428,0.428,0.5,0
0.079868,1,0.429,0.429,0.5,0
0.078881,1,0.43,0.43,0.5,0
0.077894,1,0.431,0.431,0.5,0
0.076907,1,0.432,0.432,0.5,0
0.075919,1,0.433,0.433,0.5,0
0.074932,1,0.434,0.434,0.5,0
0.073945,1,0.435,0.435,0.5,0
0.072958,1,0.436,0.436,0.5,0
0.071971,1,0.437,0.437,0.5,0
0.070984,1,0.438,0.438,0.5,0
0.069998,1,0.439,0.439,0.5,0
0.069011,1,0.44,0.44,0.5,0
0.068025,1,0.441,0.441,0.5,0
0.067038,1,0.442,0.442,0.5,0
0.066052,1,0.443,0.443,0.5,0
0.065065,1,0.444,0.444,0.5,0
0.064079,1,0.445,0.445,0.5,0
0.063092,1,0.446,0.446,0.5,0
0.062106,1,0.447,0.447,0.5,0
0.06112,1,0.448,0.448,0.5,0
0.060134,1,0.449,0.449,0.5,0
0.059148,1,0.45,0.45,0.5,0
0.058162,1,0.451,0.451,0.5,0
0.057176,1,0.452,0.452,0.5,0
0.05619,1,0.453,0.453,0.5,0
0.055205,1,0.454,0.454,0.5,0
0.054219,1,0.455,0.455,0.5,0
0.053234,1,0.456,0.456,0.5,0
0.052248,1,0.457,0.457,0.5,0
0.051262,1,0.458,0.458,0.5,0
0.050277,1,0.459,0.459,0.5,0
0.049291,1,0.46,0.46,0.5,0
0.048305,1,0.461,0.461,0.5,0
0.04732,1,0.462,0.462,0.5,0
0.046335,1,0.463,0.463,0.5,0
0.045349,1,0.464,0.464,0.5,0
0.044364,1,0.465,0.465,0.5,0
0.043378,1,0.466,0.466,0.5,0
0.042393,1,0.467,0.467,0.5,0
0.041407,1,0.468,0.468,0.5,0
0.040422,1,0.469,0.469,0.5,0
0.039437,1,0.47,0.47,0.5,0
0.038451,1,0.471,0.471,0.5,0
0.037466,1,0.472,0.472,0.5,0
0.036481,1,0.473,0.473,0.5,0
0.035495,1,0.474,0.474,0.5,0
0.03451,1,0.475,0.475,0.5,0
0.033525,1,0.476,0.476,0.5,0
0.032539,1,0.477,0.477,0.5,0
0.031554,1,0.478,0.478,0.5,0
0.030569,1,0.479,0.479,0.5,0
0.029583,1,0.48,0.48,0.5,0
0.028598,1,0.481,0.481,0.5,0
0.027612,1,0.482,0.482,0.5,0
0.026627,1,0.483,0.483,0.5,0
0.025642,1,0.484,0.484,0.5,0
0.024656,1,0.485,0.485,0.5,0
0.02367,1,0.486,0.486,0.5,0
0.022685,1,0.487,0.487,0.5,0
0.021699,1,0.488,0.488,0.5,0
0.020714,1,0.489,0.489,0.5,0
0.019728,1,0.49,0.49,0.5,0
0.018742,1,0.491,0.491,0.5,0
0.017757,1,0.492,0.492,0.5,0
0.016771,1,0.493,0.493,0.5,0
0.015785,1,0.494,0.494,0.5,0
0.014799,1,0.495,0.495,0.5,0
0.013813,1,0.496,0.496,0.5,0
0.012827,1,0.497,0.497,0.5,0
0.011841,1,0.498,0.498,0.5,0
0.010855,1,0.499,0.499,0.5,0
0.0098689,1,0.5,0.5,0.5,0
0.0088824,1,0.501,0.501,0.5,0
0.0078959,1,0.502,0.502,0.5,0
0.0069094,1,0.503,0.503,0.5,0
0.0059229,1,0.504,0.504,0.5,0
0.0049364,1,0.505,0.505,0.5,0
0.0039499,1,0.506,0.506,0.5,0
0.0029633,1,0.507,0.507,0.5,0
0.0019767,1,0.508,0.508,0.5,0
0.00098946,1,0.509,0.509,0.5,0
2.268e-06,1,0.51,0.51,0.5,0
-0.00098493,1,0.511,0.511,0.5,0
-0.0019722,1,0.512,0.512,0.5,0
-0.0029594,1,0.513,0.513,0.5,0
-0.0039466,1,0.514,0.514,0.5,0
-0.0049338,1,0.515,0.515,0.5,0
-0.0059213,1,0.516,0.516,0.5,0
-0.0069094,1,0.517,0.517,0.5,0
-0.0078975,1,0.518,0.518,0.5,0
-0.0088855,1,0.519,0.519,0.5,0
-0.0098736,1,0.52,0.52,0.5,0
-0.010862,1,0.521,0.521,0.5,0
-0.01185,1,0.522,0.522,0.5,0
-0.012838,1,0.523,0.523,0.5,0
-0.013826,1,0.524,0.524,0.5,0
-0.014816,1,0.525,0.525,0.5,0
-0.015805,1,0.526,0.526,0.5,0
-0.016794,1,0.527,0.527,0.5,0
-0.017783,1,0.528,0.528,0.5,0
-0.018772,1,0.529,0.529,0.5,0
-0.019761,1,0.53,0.53,0.5,0
-0.02075,1,0.531,0.531,0.5,0
-0.02174,1,0.532,0.532,0.5,0
-0.02273,1,0.533,0.533,0.5,0
-0.023721,1,0.534,0.534,0.5,0
-0.024711,1,0.535,0.535,0.5,0
-0.025701,1,0.536,0.536,0.5,0
-0.026692,1,0.537,0.537,0.5,0
-0.027682,1,0.538,0.538,0.5,0
-0.028672,1,0.539,0.539,0.5,0
-0.029664,1,0.54,0.54,0.5,0
-0.030656,1,0.541,0.541,0.5,0
-0.031647,1,0.542,0.542,0.5,0
-0.032639,1,0.543,0.543,0.5,0
-0.033631,1,0.544,0.544,0.5,0
-0.034622,1,0.545,0.545,0.5,0
-0.035614,1,0.546,0.546,0.5,0
-0.036606,1,0.547,0.547,0.5,0
-0.037599,1,0.548,0.548,0.5,0
-0.038592,1,0.549,0.549,0.5,0
-0.039585,1,0.55,0.55,0.5,0
-0.040579,1,0.551,0.551,0.5,0
-0.041572,1,0.552,0.552,0.5,0
-0.042565,1,0.553,0.553,0.5,0
-0.043558,1,0.554,0.554,0.5,0
-0.044552,1,0.555,0.555,0.5,0
-0.045547,1,0.556,0.556,0.5,0
-0.046542,1,0.557,0.557,0.5,0
-0.047537,1,0.558,0.558,0.5,0
-0.048532,1,0.559,0.559,0.5,0
-0.049527,1,0.56,0.56,0.5,0
-0.050522,1,0.561,0.561,0.5,0
-0.051517,1,0.562,0.562,0.5,0
-0.052513,1,0.563,0.563,0.5,0
-0.05351,1,0.564,0.564,0.5,0
-0.054507,1,0.565,0.565,0.5,0
-0.055504,1,0.566,0.566,0.5,0
-0.056501,1,0.567,0.567,0.5,0
-0.057498,1,0.568,0.568,0.5,0
-0.058494,1,0.569,0.569,0.5,0
-0.059491,1,0.57,0.57,0.5,0
-0.06049,1,0.571,0.571,0.5,0
-0.061489,1,0.572,0.572,0.5,0
-0.062488,1,0.573,0.573,0.5,0
-0.063487,1,0.574,0.574,0.5,0
-0.064486,1,0.575,0.575,0.5,0
-0.065485,1,0.576,0.576,0.5,0
-0.066484,1,0.577,0.577,0.5,0
-0.067483,1,0.578,0.578,0.5,0
-0.068484,1,0.579,0.579,0.5,0
-0.069485,1,0.58,0.58,0.5,0
-0.070487,1,0.581,0.581,0.5,0
-0.071488,1,0.582,0.582,0.5,0
-0.072489,1,0.583,0.583,0.5,0
-0.073491,1,0.584,0.584,0.5,0
-0.074492,1,0.585,0.585,0.5,0
-0.075493,1,0.586,0.586,0.5,0
-0.076497,1,0.587,0.587,0.5,0
-0.077501,1,0.588,0.588,0.5,0
-0.078505,1,0.589,0.589,0.5,0
-0.079509,1,0.59,0.59,0.5,0
-0.080513,1,0.591,0.591,0.5,0
-0.081516,1,0.592,0.592,0.5,0
-0.08252,1,0.593,0.593,0.5,0
-0.083525,1,0.594,0.594,0.5,0
-0.084531,1,0.595,0.595,0.5,0
-0.085538,1,0.596,0.596,0.5,0
-0.086544,1,0.597,0.597,0.5,0
-0.087551,1,0.598,0.598,0.5,0
-0.088558,1,0.599,0.599,0.5,0
-0.089564,1,0.6,0.6,0.5,0
-0.090571,1,0.601,0.601,0.5,0
-0.091578,1,0.602,0.602,0.5,0
-0.092588,1,0.603,0.603,0.5,0
-0.093597,1,0.604,0.604,0.5,0
-0.094607,1,0.605,0.605,0.5,0
-0.095616,1,0.606,0.606,0.5,0
-0.096626,1,0.607,0.607,0.5,0
-0.097635,1,0.608,0.608,0.5,0
-0.098645,1,0.609,0.609,0.5,0
-0.099656,1,0.61,0.61,0.5,0
-0.10067,1,0.611,0.611,0.5,0
-0.10168,1,0.612,0.612,0.5,0
-0.10269,1,0.613,0.613,0.5,0
-0.10371,1,0.614,0.614,0.5,0
-0.10472,1,0.615,0.615,0.5,0
-0.10573,1,0.616,0.616,0.5,0
-0.10674,1,0.617,0.617,0.5,0
-0.10776,1,0.618,0.618,0.5,0
-0.10877,1,0.619,0.619,0.5,0
-0.10979,1,0.62,0.62,0.5,0
-0.11081,1,0.621,0.621,0.5,0
-0.11182,1,0.622,0.622,0.5,0
-0.11284,1,0.623,0.623,0.5,0
-0.11385,1,0.624,0.624,0.5,0
-0.11487,1,0.625,0.625,0.5,0
-0.11589,1,0.626,0.626,0.5,0
-0.11691,1,0.627,0.627,0.5,0
-0.11793,1,0.628,0.628,0.5,0
-0.11895,1,0.629,0.629,0.5,0
-0.11997,1,0.63,0.63,0.5,0
-0.12099,1,0.631,0.631,0.5,0
-0.12201,1,0.632,0.632,0.5,0
-0.12303,1,0.633,0.633,0.5,0
-0.12405,1,0.634,0.634,0.5,0
-0.12507,1,0.635,0.635,0.5,0
-0.12609,1,0.636,0.636,0.5,0
-0.12712,1,0.637,0.637,0.5,0
-0.12814,1,0.638,0.638,0.5,0
-0.12916,1,0.639,0.639,0.5,0
-0.13019,1,0.64,0.64,0.5,0
-0.13121,1,0.641,0.641,0.5,0
-0.13224,1,0.642,0.642,0.5,0
-0.13327,1,0.643,0.643,0.5,0
-0.13429,1,0.644,0.644,0.5,0
-0.13532,1,0.645,0.645,0.5,0
-0.13635,1,0.646,0.646,0.5,0
-0.13737,1,0.647,0.647,0.5,0
-0.1384,1,0.648,0.648,0.5,0
-0.13943,1,0.649,0.649,0.5,0
-0.14046,1,0.65,0.65,0.5,0
-0.14149,1,0.651,0.651,0.5,0
-0.14252,1,0.652,0.652,0.5,0
-0.14356,1,0.653,0.653,0.5,0
-0.14459,1,0.654,0.654,0.5,0
-0.14562,1,0.655,0.655,0.5,0
-0.14665,1,0.656,0.656,0.5,0
-0.14768,1,0.657,0.657,0.5,0
-0.14872,1,0.658,0.658,0.5,0
-0.14975,1,0.659,0.659,0.5,0
-0.15079,1,0.66,0.66,0.5,0
-0.15183,1,0.661,0.661,0.5,0
-0.15286,1,0.662,0.662,0.5,0
-0.1539,1,0.663,0.663,0.5,0
-0.15493,1,0.664,0.664,0.5,0
-0.15597,1,0.665,0.665,0.5,0
-0.15701,1,0.666,0.666,0.5,0
-0.15805,1,0.667,0.667,0.5,0
-0.15909,1,0.668,0.668,0.5,0
-0.16013,1,0.669,0.669,0.5,0
-0.16117,1,0.67,0.67,0.5,0
-0.16221,1,0.671,0.671,0.5,0
-0.16325,1,0.672,0.672,0.5,0
-0.1643,1,0.673,0.673,0.5,0
-0.16534,1,0.674,0.674,0.5,0
-0.16639,1,0.675,0.675,0.5,0
-0.16743,1,0.676,0.676,0.5,0
-0.16848,1,0.677,0.677,0.5,0
-0.16952,1,0.678,0.678,0.5,0
-0.17057,1,0.679,0.679,0.5,0
-0.17161,1,0.68,0.68,0.5,0
-0.17266,1,0.681,0.681,0.5,0
-0.17371,1,0.682,0.682,0.5,0
-0.17476,1,0.683,0.683,0.5,0
-0.17581,1,0.684,0.684,0.5,0
-0.17686,1,0.685,0.685,0.5,0
-0.17791,1,0.686,0.686,0.5,0
-0.17896,1,0.687,0.687,0.5,0
-0.18002,1,0.688,0.688,0.5,0
-0.18107,1,0.689,0.689,0.5,0
-0.18213,1,0.69,0.69,0.5,0
-0.18318,1,0.691,0.691,0.5,0
-0.18424,1,0.692,0.692,0.5,0
-0.18529,1,0.693,0.693,0.5,0
-0.18635,1,0.694,0.694,0.5,0
-0.1874,1,0.695,0.695,0.5,0
-0.18846,1,0.696,0.696,0.5,0
-0.18952,1,0.697,0.697,0.5,0
-0.19058,1,0.698,0.698,0.5,0
-0.19164,1,0.699,0.699,0.5,0
-0.1927,1,0.7,0.7,0.5,0
-0.19376,1,0.701,0.701,0.5,0
-0.19482,1,0.702,0.702,0.5,0
-0.19588,1,0.703,0.703,0.5,0
-0.19695,1,0.704,0.704,0.5,0
-0.19802,1,0.705,0.705,0.5,0
-0.19908,1,0.706,0.706,0.5,0
-0.20015,1,0.707,0.707,0.5,0
-0.20121,1,0.708,0.708,0.5,0
-0.20228,1,0.709,0.709,0.5,0
-0.20335,1,0.71,0.71,0.5,0
-0.20441,1,0.711,0.711,0.5,0
-0.20548,1,0.712,0.712,0.5,0
-0.20656,1,0.713,0.713,0.5,0
-0.20763,1,0.714,0.714,0.5,0
-0.2087,1,0.715,0.715,0.5,0
-0.20977,1,0.716,0.716,0.5,0
-0.21084,1,0.717,0.717,0.5,0
-0.21192,1,0.718,0.718,0.5,0
-0.21299,1,0.719,0.719,0.5,0
-0.21407,1,0.72,0.72,0.5,0
-0.21515,1,0.721,0.721,0.5,0
-0.21622,1,0.722,0.722,0.5,0
-0.2173,1,0.723,0.723,0.5,0
-0.21838,1,0.724,0.724,0.5,0
-0.21946,1,0.725,0.725,0.5,0
-0.22054,1,0.726,0.726,0.5,0
-0.22162,1,0.727,0.727,0.5,0
-0.2227,1,0.728,0.728,0.5,0
-0.22379,1,0.729,0.729,0.5,0
-0.22487,1,0.73,0.73,0.5,0
-0.22596,1,0.731,0.731,0.5,0
-0.22704,1,0.732,0.732,0.5,0
-0.22812,1,0.733,0.733,0.5,0
-0.22921,1,0.734,0.734,0.5,0
-0.2303,1,0.735,0.735,0.5,0
-0.23139,1,0.736,0.736,0.5,0
-0.23248,1,0.737,0.737,0.5,0
-0.23357,1,0.738,0.738,0.5,0
-0.23466,1,0.739,0.739,0.5,0
-0.23575,1,0.74,0.74,0.5,0
-0.23684,1,0.741,0.741,0.5,0
-0.23793,1,0.742,0.742,0.5,0
-0.23903,1,0.743,0.743,0.5,0
-0.24013,1,0.744,0.744,0.5,0
-0.24122,1,0.745,0.745,0.5,0
-0.24232,1,0.746,0.746,0.5,0
-0.24342,1,0.747,0.747,0.5,0
-0.24452,1,0.748,0.748,0.5,0
-0.24561,1,0.749,0.749,0.5,0
-0.24671,1,0.75,0.75,0.5,0
-0.24782,1,0.751,0.751,0.5,0
-0.24892,1,0.752,0.752,0.5,0
-0.25003,1,0.753,0.753,0.5,0
-0.25113,1,0.754,0.754,0.5,0
-0.25223,1,0.755,0.755,0.5,0
-0.25334,1,0.756,0.756,0.5,0
-0.25444,1,0.757,0.757,0.5,0
-0.25555,1,0.758,0.758,0.5,0
-0.25666,1,0.759,0.759,0.5,0
-0.25777,1,0.76,0.76,0.5,0
-0.25888,1,0.761,0.761,0.5,0
-0.26,1,0.762,0.762,0.5,0
-0.26111,1,0.763,0.763,0.5,0
-0.26222,1,0.764,0.764,0.5,0
-0.26333,1,0.765,0.765,0.5,0
-0.26445,1,0.766,0.766,0.5,0
-0.26556,1,0.767,0.767,0.5,0
-0.26668,1,0.768,0.768,0.5,0
-0.2678,1,0.769,0.769,0.5,0
-0.26892,1,0.77,0.77,0.5,0
-0.27004,1,0.771,0.771,0.5,0
-0.27116,1,0.772,0.772,0.5,0
-0.27228,1,0.773,0.773,0.5,0
-0.2734,1,0.774,0.774,0.5,0
-0.27453,1,0.775,0.775,0.5,0
-0.27565,1,0.776,0.776,0.5,0
-0.27678,1,0.777,0.777,0.5,0
-0.27791,1,0.778,0.778,0.5,0
-0.27903,1,0.779,0.779,0.5,0
-0.28016,1,0.78,0.78,0.5,0
-0.28129,1,0.781,0.781,0.5,0
-0.28242,1,0.782,0.782,0.5,0
-0.28355,1,0.783,0.783,0.5,0
-0.28469,1,0.784,0.784,0.5,0
-0.28582,1,0.785,0.785,0.5,0
-0.28695,1,0.786,0.786,0.5,0
-0.28809,1,0.787,0.787,0.5,0
-0.28922,1,0.788,0.788,0.5,0
-0.29036,1,0.789,0.789,0.5,0
-0.2915,1,0.79,0.79,0.5,0
-0.29264,1,0.791,0.791,0.5,0
-0.29378,1,0.792,0.792,0.5,0
-0.29492,1,0.793,0.793,0.5,0
-0.29606,1,0.794,0.794,0.5,0
-0.29721,1,0.795,0.795,0.5,0
-0.29835,1,0.796,0.796,0.5,0
-0.29949,1,0.797,0.797,0.5,0
-0.30064,1,0.798,0.798,0.5,0
-0.30179,1,0.799,0.799,0.5,0
-0.30294,1,0.8,0.8,0.5,0
-0.30409,1,0.801,0.801,0.5,0
-0.30524,1,0.802,0.802,0.5,0
-0.30639,1,0.803,0.803,0.5,0
-0.30754,1,0.804,0.804,0.5,0
-0.30869,1,0.805,0.805,0.5,0
-0.30985,1,0.806,0.806,0.5,0
-0.31101,1,0.807,0.807,0.5,0
-0.31217,1,0.808,0.808,0.5,0
-0.31332,1,0.809,0.809,0.5,0
-0.31448,1,0.81,0.81,0.5,0
-0.31564,1,0.811,0.811,0.5,0
-0.3168,1,0.812,0.812,0.5,0
-0.31796,1,0.813,0.813,0.5,0
-0.31913,1,0.814,0.814,0.5,0
-0.32029,1,0.815,0.815,0.5,0
-0.32146,1,0.816,0.816,0.5,0
-0.32262,1,0.817,0.817,0.5,0
-0.32379,1,0.818,0.818,0.5,0
-0.32496,1,0.819,0.819,0.5,0
-0.32612,1,0.82,0.82,0.5,0
-0.3273,1,0.821,0.821,0.5,0
-0.32847,1,0.822,0.822,0.5,0
-0.32965,1,0.823,0.823,0.5,0
-0.33082,1,0.824,0.824,0.5,0
-0.332,1,0.825,0.825,0.5,0
-0.33317,1,0.826,0.826,0.5,0
-0.33435,1,0.827,0.827,0.5,0
-0.33552,1,0.828,0.828,0.5,0
-0.3367,1,0.829,0.829,0.5,0
-0.33789,1,0.83,0.83,0.5,0
-0.33907,1,0.831,0.831,0.5,0
-0.34026,1,0.832,0.832,0.5,0
-0.34144,1,0.833,0.833,0.5,0
-0.34263,1,0.834,0.834,0.5,0
-0.34381,1,0.835,0.835,0.5,0
-0.345,1,0.836,0.836,0.5,0
-0.34619,1,0.837,0.837,0.5,0
-0.34738,1,0.838,0.838,0.5,0
-0.34858,1,0.839,0.839,0.5,0
-0.34977,1,0.84,0.84,0.5,0
-0.35097,1,0.841,0.841,0.5,0
-0.35216,1,0.842,0.842,0.5,0
-0.35336,1,0.843,0.843,0.5,0
-0.35455,1,0.844,0.844,0.5,0
-0.35576,1,0.845,0.845,0.5,0
-0.35697,1,0.846,0.846,0.5,0
-0.35817,1,0.847,0.847,0.5,0
-0.35938,1,0.848,0.848,0.5,0
-0.36058,1,0.849,0.849,0.5,0
-0.36179,1,0.85,0.85,0.5,0
-0.36299,1,0.851,0.851,0.5,0
-0.36421,1,0.852,0.852,0.5,0
-0.36542,1,0.853,0.853,0.5,0
-0.36664,1,0.854,0.854,0.5,0
-0.36786,1,0.855,0.855,0.5,0
-0.36908,1,0.856,0.856,0.5,0
-0.37029,1,0.857,0.857,0.5,0
-0.37151,1,0.858,0.858,0.5,0
-0.37273,1,0.859,0.859,0.5,0
-0.37396,1,0.86,0.86,0.5,0
-0.37518,1,0.861,0.861,0.5,0
-0.37641,1,0.862,0.862,0.5,0
-0.37764,1,0.863,0.863,0.5,0
-0.37887,1,0.864,0.864,0.5,0
-0.3801,1,0.865,0.865,0.5,0
-0.38133,1,0.866,0.866,0.5,0
-0.38256,1,0.867,0.867,0.5,0
-0.3838,1,0.868,0.868,0.5,0
-0.38504,1,0.869,0.869,0.5,0
-0.38628,1,0.87,0.87,0.5,0
-0.38751,1,0.871,0.871,0.5,0
-0.38875,1,0.872,0.872,0.5,0
-0.38999,1,0.873,0.873,0.5,0
-0.39123,1,0.874,0.874,0.5,0
-0.39247,1,0.875,0.875,0.5,0
-0.39371,1,0.876,0.876,0.5,0
-0.39494,1,0.877,0.877,0.5,0
-0.39618,1,0.878,0.878,0.5,0
-0.39742,1,0.879,0.879,0.5,0
-0.39866,1,0.88,0.88,0.5,0
-0.3999,1,0.881,0.881,0.5,0
-0.40114,1,0.882,0.882,0.5,0
-0.40238,1,0.883,0.883,0.5,0
-0.4036,1,0.884,0.884,0.5,0
-0.40483,1,0.885,0.885,0.5,0
-0.40605,1,0.886,0.886,0.5,0
-0.40728,1,0.887,0.887,0.5,0
-0.4085,1,0.888,0.888,0.5,0
-0.40972,1,0.889,0.889,0.5,0
-0.41095,1,0.89,0.89,0.5,0
-0.41216,1,0.891,0.891,0.5,0
-0.41335,1,0.892,0.892,0.5,0
-0.41453,1,0.893,0.893,0.5,0
-0.41572,1,0.894,0.894,0.5,0
-0.41691,1,0.895,0.895,0.5,0
-0.41809,1,0.896,0.896,0.5,0
-0.41928,1,0.897,0.897,0.5,0
-0.42047,1,0.898,0.898,0.5,0
-0.42162,1,0.899,0.899,0.5,0
-0.42274,1,0.9,0.9,0.5,0
-0.42386,1,0.901,0.901,0.5,0
-0.42498,1,0.902,0.902,0.5,0
-0.4261,1,0.903,0.903,0.5,0
-0.42722,1,0.904,0.904,0.5,0
-0.42834,1,0.905,0.905,0.5,0
-0.42946,1,0.906,0.906,0.5,0
-0.43053,1,0.907,0.907,0.5,0
-0.43157,1,0.908,0.908,0.5,0
-0.43262,1,0.909,0.909,0.5,0
-0.43366,1,0.91,0.91,0.5,0
-0.43471,1,0.911,0.911,0.5,0
-0.43575,1,0.912,0.912,0.5,0
-0.4368,1,0.913,0.913,0.5,0
-0.43784,1,0.914,0.914,0.5,0
-0.43887,1,0.915,0.915,0.5,0
-0.4399,1,0.916,0.916,0.5,0
-0.44093,1,0.917,0.917,0.5,0
-0.44196,1,0.918,0.918,0.5,0
-0.44299,1,0.919,0.919,0.5,0
-0.44402,1,0.92,0.92,0.5,0
-0.44505,1,0.921,0.921,0.5,0
-0.44611,1,0.922,0.922,0.5,0
-0.44735,1,0.923,0.923,0.5,0
-0.4486,1,0.924,0.924,0.5,0
-0.44985,1,0.925,0.925,0.5,0
-0.4511,1,0.926,0.926,0.5,0
-0.45235,1,0.927,0.927,0.5,0
-0.45359,1,0.928,0.928,0.5,0
-0.45484,1,0.929,0.929,0.5,0
-0.45632,1,0.93,0.93,0.5,0
-0.45831,1,0.931,0.931,0.5,0
-0.46029,1,0.932,0.932,0.5,0
-0.46228,1,0.933,0.933,0.5,0
-0.46426,1,0.934,0.934,0.5,0
-0.46625,1,0.935,0.935,0.5,0
-0.46824,1,0.936,0.936,0.5,0
-0.47022,1,0.937,0.937,0.5,0
-0.47294,1,0.938,0.938,0.5,0
-0.4764,1,0.939,0.939,0.5,0
-0.47985,1,0.94,0.94,0.5,0
-0.48331,1,0.941,0.941,0.5,0
-0.48676,1,0.942,0.942,0.5,0
-0.49022,1,0.943,0.943,0.5,0
-0.49368,1,0.944,0.944,0.5,0
-0.49713,1,0.945,0.945,0.5,0
-0.50177,1,0.946,0.946,0.5,0
-0.50695,1,0.947,0.947,0.5,0
-0.51213,1,0.948,0.948,0.5,0
-0.5173,1,0.949,0.949,0.5,0
-0.52248,1,0.95,0.95,0.5,0
-0.52766,1,0.951,0.951,0.5,0
-0.53284,1,0.952,0.952,0.5,0
-0.53801,1,0.953,0.953,0.5,0
-0.5431,1,0.954,0.954,0.5,0
-0.54817,1,0.955,0.955,0.5,0
-0.55324,1,0.956,0.956,0.5,0
-0.55831,1,0.957,0.957,0.5,0
-0.56338,1,0.958,0.958,0.5,0
-0.56845,1,0.959,0.959,0.5,0
-0.57352,1,0.96,0.96,0.5,0
-0.57828,1,0.961,0.961,0.5,0
-0.57826,1,0.962,0.962,0.5,0
-0.57825,1,0.963,0.963,0.5,0
-0.57823,1,0.964,0.964,0.5,0
-0.57822,1,0.965,0.965,0.5,0
-0.5782,1,0.966,0.966,0.5,0
-0.57819,1,0.967,0.967,0.5,0
-0.57818,1,0.968,0.968,0.5,0
-0.57548,1,0.969,0.969,0.5,0
-0.56474,1,0.97,0.97,0.5,0
-0.554,1,0.971,0.971,0.5,0
-0.54326,1,0.972,0.972,0.5,0
-0.53252,1,0.973,0.973,0.5,0
-0.52178,1,0.974,0.974,0.5,0
-0.51105,1,0.975,0.975,0.5,0
-0.50031,1,0.976,0.976,0.5,0
-0.4847,1,0.977,0.977,0.5,0
-0.46283,1,0.978,0.978,0.5,0
-0.44097,1,0.979,0.979,0.5,0
-0.4191,1,0.98,0.98,0.5,0
-0.39724,1,0.981,0.981,0.5,0
-0.37537,1,0.982,0.982,0.5,0
-0.3535,1,0.983,0.983,0.5,0
-0.33164,1,0.984,0.984,0.5,0
-0.30773,1,0.985,0.985,0.5,0
-0.28259,1,0.986,0.986,0.5,0
-0.25745,1,0.987,0.987,0.5,0
-0.23232,1,0.988,0.988,0.5,0
-0.20718,1,0.989,0.989,0.5,0
-0.18204,1,0.99,0.99,0.5,0
-0.1569,1,0.991,0.991,0.5,0
-0.13177,1,0.992,0.992,0.5,0
-0.11295,1,0.993,0.993,0.5,0
-0.095594,1,0.994,0.994,0.5,0
-0.078239,1,0.995,0.995,0.5,0
-0.060883,1,0.996,0.996,0.5,0
-0.043528,1,0.997,0.997,0.5,0
-0.026171,1,0.998,0.998,0.5,0
-0.0088156,1,0.999,0.999,0.5,0
0.00854,1,1,1,0.5,0
